run,graph,diameter,edge_density
0,dolphins,3,1.0432267486879099
0,football,2,2.448411905507437
